observation_date,DPRIME
1990-01-02,10.5
1990-01-08,10.0
1991-01-02,9.5
1991-02-04,9.0
1991-05-01,8.5
1991-09-13,8.0
1991-11-06,7.5
1991-12-23,6.5
1992-07-02,6.0
1994-03-24,6.25
1994-04-19,6.75
1994-05-17,7.25
1994-08-16,7.75
1994-11-15,8.5
1995-02-01,9.0
1995-07-07,8.75
1995-12-20,8.5
1996-02-01,8.25
1997-03-26,8.5
1998-09-30,8.25
1998-10-16,8.0
1998-11-18,7.75
1999-07-01,8.0
1999-08-25,8.25
1999-11-17,8.5
2000-02-03,8.75
2000-03-22,9.0
2000-05-17,9.5
2001-01-04,9.0
2001-02-01,8.5
2001-03-21,8.0
2001-04-19,7.5
2001-05-16,7.0
2001-06-28,6.75
2001-08-22,6.5
2001-09-18,6.0
2001-10-03,5.5
2001-11-07,5.0
2001-12-12,4.75
2002-11-07,4.25
2003-06-27,4.0
2004-06-30,4.25
2004-08-10,4.5
2004-09-21,4.75
2004-11-10,5.0
2004-12-14,5.25
2005-02-02,5.5
2005-03-22,5.75
2005-05-03,6.0
2005-06-30,6.25
2005-08-09,6.5
2005-09-20,6.75
2005-11-01,7.0
2005-12-13,7.25
2006-01-31,7.5
2006-03-28,7.75
2006-05-10,8.0
2006-06-29,8.25
2007-09-18,7.75
2007-10-31,7.5
2007-12-11,7.25
2008-01-22,6.5
2008-01-30,6.0
2008-03-18,5.25
2008-04-30,5.0
2008-10-08,4.5
2008-10-29,4.0
2008-12-16,3.25
2015-12-17,3.5
2016-12-15,3.75
2017-03-16,4.0
2017-06-15,4.25
2017-12-14,4.5
2018-03-22,4.75
2018-06-14,5.0
2018-09-27,5.25
2018-12-20,5.5
2019-08-01,5.25
2019-09-19,5.0
2019-10-31,4.75
2020-03-04,4.25
2020-03-16,3.25
2022-03-17,3.5
2022-05-05,4.0
2022-06-16,4.75
2022-07-28,5.5
2022-09-22,6.25
2022-11-03,7.0
2022-12-15,7.5
2023-02-02,7.75
2023-03-23,8.0
2023-05-04,8.25
2023-07-27,8.5
2024-09-19,8.0
2024-11-08,7.75
2024-12-19,7.5
2025-09-17,7.25
2025-10-30,7.0
2025-12-11,6.75
2026-09-17,7.0
