date,symbol,price_cents
2005-10-05,ZSX05,563.5
2005-10-12,ZSX05,589.0
2005-10-19,ZSX05,589.25
2005-10-26,ZSF06,583.5
2005-10-26,ZSX05,571.5
2005-11-02,ZSF06,585.0
2005-11-02,ZSX05,573.5
2005-11-09,ZSF06,588.5
2005-11-16,ZSF06,576.75
2005-11-23,ZSF06,562.0
2005-11-30,ZSF06,558.0
2005-12-07,ZSF06,559.0
2005-12-14,ZSF06,592.5
2005-12-21,ZSF06,606.5
2005-12-28,ZSF06,611.0
2005-12-28,ZSH06,622.25
2006-01-04,ZSF06,621.0
2006-01-04,ZSH06,632.25
2006-01-11,ZSH06,584.5
2006-01-18,ZSH06,565.75
2006-01-25,ZSH06,567.0
2006-02-01,ZSH06,579.5
2006-02-08,ZSH06,578.0
2006-02-15,ZSH06,587.0
2006-02-22,ZSH06,574.0
2006-02-22,ZSK06,586.5
2006-03-01,ZSH06,577.5
2006-03-01,ZSK06,591.0
2006-03-08,ZSK06,584.0
2006-03-15,ZSK06,584.25
2006-03-22,ZSK06,577.0
2006-03-29,ZSK06,582.5
2006-04-05,ZSK06,561.5
2006-04-12,ZSK06,560.5
2006-04-19,ZSK06,574.0
2006-04-26,ZSK06,575.75
2006-04-26,ZSN06,590.0
2006-05-03,ZSK06,592.75
2006-05-03,ZSN06,605.5
2006-05-10,ZSN06,606.0
2006-05-17,ZSN06,604.0
2006-05-24,ZSN06,582.5
2006-05-31,ZSN06,579.5
2006-06-07,ZSN06,597.0
2006-06-14,ZSN06,589.5
2006-06-21,ZSN06,586.25
2006-06-28,ZSN06,578.5
2006-06-28,ZSQ06,585.75
2006-07-05,ZSN06,594.5
2006-07-05,ZSQ06,600.5
2006-07-12,ZSQ06,607.0
2006-07-19,ZSQ06,585.34
2006-07-26,ZSQ06,581.75
2006-07-26,ZSX06,602.75
2006-08-02,ZSQ06,581.75
2006-08-02,ZSX06,601.25
2006-08-09,ZSQ06,562.0
2006-08-09,ZSX06,580.0
2006-08-16,ZSX06,565.0
2006-08-23,ZSX06,566.5
2006-08-30,ZSX06,555.75
2006-09-06,ZSX06,546.75
2006-09-13,ZSX06,540.5
2006-09-20,ZSX06,549.25
2006-09-27,ZSX06,542.5
2006-10-04,ZSX06,555.25
2006-10-11,ZSX06,562.25
2006-10-18,ZSX06,604.5
2006-10-25,ZSF07,635.5
2006-10-25,ZSX06,622.0
2006-11-01,ZSF07,658.25
2006-11-01,ZSX06,645.0
2006-11-08,ZSF07,666.25
2006-11-15,ZSF07,663.75
2006-11-22,ZSF07,674.0
2006-11-29,ZSF07,682.25
2006-12-06,ZSF07,654.25
2006-12-13,ZSF07,661.0
2006-12-20,ZSF07,648.25
2006-12-27,ZSF07,669.5
2006-12-27,ZSH07,685.25
2007-01-03,ZSF07,669.25
2007-01-03,ZSH07,682.0
2007-01-10,ZSH07,653.75
2007-01-17,ZSH07,722.0
2007-01-24,ZSH07,715.0
2007-01-31,ZSH07,719.5
2007-02-07,ZSH07,741.0
2007-02-14,ZSH07,750.5
2007-02-21,ZSH07,781.25
2007-02-28,ZSH07,773.25
2007-02-28,ZSK07,787.5
2007-03-07,ZSK07,757.25
2007-03-14,ZSK07,753.5
2007-03-21,ZSK07,766.5
2007-03-28,ZSK07,770.75
2007-04-04,ZSK07,761.0
2007-04-11,ZSK07,746.5
2007-04-18,ZSK07,715.5
2007-04-25,ZSK07,721.5
2007-04-25,ZSN07,737.75
2007-05-02,ZSK07,734.25
2007-05-02,ZSN07,748.5
2007-05-09,ZSN07,733.5
2007-05-16,ZSN07,792.75
2007-05-23,ZSN07,800.5
2007-05-30,ZSN07,808.25
2007-06-06,ZSN07,822.25
2007-06-13,ZSN07,825.75
2007-06-20,ZSN07,839.0
2007-06-27,ZSN07,803.5
2007-06-27,ZSQ07,820.75
2007-07-04,ZSN07,850.5
2007-07-04,ZSQ07,869.75
2007-07-11,ZSQ07,905.0
2007-07-18,ZSQ07,860.0
2007-07-25,ZSQ07,822.75
2007-07-25,ZSX07,839.25
2007-08-01,ZSQ07,832.5
2007-08-01,ZSX07,848.75
2007-08-08,ZSQ07,862.0
2007-08-08,ZSX07,878.0
2007-08-15,ZSQ07,839.0
2007-08-15,ZSX07,854.25
2007-08-22,ZSQ07,831.25
2007-08-22,ZSX07,847.0
2007-08-29,ZSQ07,858.5
2007-08-29,ZSX07,874.25
2007-09-05,ZSQ07,889.0
2007-09-05,ZSX07,903.0
2007-09-12,ZSQ07,925.0
2007-09-12,ZSX07,938.5
2007-09-19,ZSX07,971.0
2007-09-26,ZSX07,990.75
2007-10-03,ZSX07,951.0
2007-10-10,ZSX07,968.25
2007-10-17,ZSX07,974.25
2007-10-24,ZSX07,976.25
2007-10-31,ZSF08,1027.0
2007-10-31,ZSX07,1011.0
2007-11-07,ZSF08,1038.5
2007-11-14,ZSF08,1079.5
2007-11-21,ZSF08,1084.0
2007-11-28,ZSF08,1096.75
2007-12-05,ZSF08,1099.0
2007-12-12,ZSF08,1151.5
2007-12-19,ZSF08,1159.0
2007-12-26,ZSF08,1220.75
2007-12-26,ZSH08,1239.5
